source_image,control,jpg_file,width,height
1,coin-balance,image-01\image-01_01_coin-balance.jpg,237,99
1,almanac,image-01\image-01_02_almanac.jpg,209,95
1,shop,image-01\image-01_03_shop.jpg,181,95
1,profile,image-01\image-01_04_profile.jpg,189,95
1,notification,image-01\image-01_05_notification.jpg,86,81
1,play,image-01\image-01_06_play.jpg,346,104
1,multiplayer,image-01\image-01_07_multiplayer.jpg,353,103
1,settings,image-01\image-01_08_settings.jpg,354,103
1,credits,image-01\image-01_09_credits.jpg,384,103
1,exit,image-01\image-01_10_exit.jpg,384,102
2,almanac,image-02\image-02_01_almanac.jpg,244,105
2,coin-balance,image-02\image-02_02_coin-balance.jpg,245,105
2,shop,image-02\image-02_03_shop.jpg,186,105
2,profile,image-02\image-02_04_profile.jpg,197,105
2,notification,image-02\image-02_05_notification.jpg,111,96
2,close,image-02\image-02_06_close.jpg,132,129
2,play,image-02\image-02_07_play.jpg,486,112
2,create-room,image-02\image-02_08_create-room.jpg,520,133
2,multiplayer,image-02\image-02_09_multiplayer.jpg,445,107
2,join-room,image-02\image-02_10_join-room.jpg,520,132
2,settings,image-02\image-02_11_settings.jpg,438,105
2,credits,image-02\image-02_12_credits.jpg,422,104
2,exit,image-02\image-02_13_exit.jpg,444,107
3,profile,image-03\image-03_01_profile.jpg,196,98
3,almanac,image-03\image-03_02_almanac.jpg,235,97
3,coin-balance,image-03\image-03_03_coin-balance.jpg,220,97
3,shop,image-03\image-03_04_shop.jpg,194,97
3,notification,image-03\image-03_05_notification.jpg,106,90
3,close,image-03\image-03_06_close.jpg,71,71
3,scientist-card,image-03\image-03_07_scientist-card.jpg,267,268
3,detective-card,image-03\image-03_08_detective-card.jpg,268,268
3,police-card,image-03\image-03_09_police-card.jpg,267,268
3,play,image-03\image-03_10_play.jpg,451,102
3,multiplayer,image-03\image-03_11_multiplayer.jpg,453,103
3,settings,image-03\image-03_12_settings.jpg,453,102
3,coins-5-card,image-03\image-03_13_coins-5-card.jpg,267,267
3,coins-15-card,image-03\image-03_14_coins-15-card.jpg,268,267
3,coins-50-card,image-03\image-03_15_coins-50-card.jpg,267,267
3,credits,image-03\image-03_16_credits.jpg,453,103
3,exit,image-03\image-03_17_exit.jpg,453,102
4,coin-balance,image-04\image-04_01_coin-balance.jpg,210,90
4,almanac,image-04\image-04_02_almanac.jpg,210,89
4,shop,image-04\image-04_03_shop.jpg,175,88
4,profile,image-04\image-04_04_profile.jpg,178,88
4,notification,image-04\image-04_05_notification.jpg,92,78
4,play,image-04\image-04_06_play.jpg,372,91
4,multiplayer,image-04\image-04_07_multiplayer.jpg,371,92
4,cancel,image-04\image-04_08_cancel.jpg,325,105
4,confirm,image-04\image-04_09_confirm.jpg,320,106
4,settings,image-04\image-04_10_settings.jpg,361,91
4,credits,image-04\image-04_11_credits.jpg,372,92
4,exit,image-04\image-04_12_exit.jpg,380,93
5,coin-balance,image-05\image-05_01_coin-balance.jpg,212,95
5,shop,image-05\image-05_02_shop.jpg,175,93
5,profile,image-05\image-05_03_profile.jpg,174,93
5,notification,image-05\image-05_04_notification.jpg,104,93
5,almanac,image-05\image-05_05_almanac.jpg,210,93
5,close,image-05\image-05_06_close.jpg,116,115
5,play,image-05\image-05_07_play.jpg,420,101
5,resolution-dropdown,image-05\image-05_08_resolution-dropdown.jpg,398,99
5,multiplayer,image-05\image-05_09_multiplayer.jpg,381,101
5,master-volume-slider,image-05\image-05_10_master-volume-slider.jpg,407,70
5,settings,image-05\image-05_11_settings.jpg,370,100
5,music-volume-slider,image-05\image-05_12_music-volume-slider.jpg,406,69
5,fullscreen-checkbox,image-05\image-05_13_fullscreen-checkbox.jpg,102,101
5,credits,image-05\image-05_14_credits.jpg,377,100
5,exit,image-05\image-05_15_exit.jpg,378,100
6,coin-balance,image-06\image-06_01_coin-balance.jpg,206,86
6,almanac,image-06\image-06_02_almanac.jpg,204,84
6,shop,image-06\image-06_03_shop.jpg,172,84
6,profile,image-06\image-06_04_profile.jpg,171,83
6,notification,image-06\image-06_05_notification.jpg,91,78
6,close,image-06\image-06_06_close.jpg,113,112
6,list,image-06\image-06_07_list.jpg,233,101
6,stack,image-06\image-06_08_stack.jpg,233,102
6,play-visible-fragment,image-06\image-06_09_play-visible-fragment.jpg,132,90
6,green-square,image-06\image-06_10_green-square.jpg,156,164
6,next-play,image-06\image-06_11_next-play.jpg,124,124
6,queue,image-06\image-06_12_queue.jpg,233,102
6,multiplayer-visible-fragment,image-06\image-06_13_multiplayer-visible-fragment.jpg,86,90
6,tree-structure,image-06\image-06_14_tree-structure.jpg,233,102
6,settings-visible-fragment,image-06\image-06_15_settings-visible-fragment.jpg,43,92
6,complexity,image-06\image-06_16_complexity.jpg,235,108
7,coin-balance,image-07\image-07_01_coin-balance.jpg,214,95
7,shop,image-07\image-07_02_shop.jpg,179,92
7,profile,image-07\image-07_03_profile.jpg,177,92
7,almanac,image-07\image-07_04_almanac.jpg,211,92
7,notification,image-07\image-07_05_notification.jpg,92,88
7,close,image-07\image-07_06_close.jpg,117,116
7,level-thumbnail,image-07\image-07_07_level-thumbnail.jpg,499,536
7,play,image-07\image-07_08_play.jpg,194,194
8,almanac,image-08\image-08_01_almanac.jpg,210,91
8,coin-balance,image-08\image-08_02_coin-balance.jpg,215,91
8,shop,image-08\image-08_03_shop.jpg,179,90
8,profile,image-08\image-08_04_profile.jpg,180,90
8,notification,image-08\image-08_05_notification.jpg,94,81
8,close,image-08\image-08_06_close.jpg,89,88
8,play,image-08\image-08_07_play.jpg,381,97
8,log-in,image-08\image-08_08_log-in.jpg,265,119
8,sign-up,image-08\image-08_09_sign-up.jpg,266,119
8,multiplayer,image-08\image-08_10_multiplayer.jpg,371,94
8,settings,image-08\image-08_11_settings.jpg,371,95
8,credits,image-08\image-08_12_credits.jpg,369,94
8,exit,image-08\image-08_13_exit.jpg,372,96
