file,source_image,width,height,transparent_pixels,soft_edge_pixels
rounded-play-green-glow.png,1,2138,641,67778,298687
rounded-multiplayer-icon.png,1,2088,570,55587,194808
rounded-settings-gear.png,1,2140,604,72122,229298
rounded-credits-star.png,1,2143,540,57616,229448
rounded-exit-door.png,1,2163,550,63039,203834
rounded-top-wide.png,1,1757,673,62662,124465
rounded-coin-balance.png,1,1885,716,67371,251204
rounded-top-narrow.png,1,1595,713,86627,153769
notification-red-bright.png,1,1075,1077,268743,34410
notification-red-dim.png,2,1068,945,234281,6785
angular-green-dim-top-wide.png,2,1841,630,80742,146117
angular-green-dim-top-narrow.png,2,1684,720,70818,128923
angular-green-dim-menu.png,2,2114,460,68729,102096
cyan-rounded-double-border.png,2,2145,613,103041,351149
close-cyan-circle.png,2,1032,1038,256508,227495
beveled-green-top-wide.png,3,1726,613,43829,140870
beveled-green-top-narrow.png,3,1556,621,40489,111272
beveled-green-menu.png,3,2135,478,55774,175260
shop-scientist-card.png,3,1060,1193,44885,118505
shop-detective-card.png,3,1059,1194,49842,175456
shop-police-card.png,3,1108,1269,63191,227473
shop-coins-card.png,3,1072,1178,44866,133418
close-white-cross.png,3,420,414,141769,3627
angular-lime-dim-top-wide.png,4,1785,655,77765,162027
angular-lime-dim-top-narrow.png,4,1641,703,68199,97666
angular-lime-dim-menu.png,4,2102,475,77840,185979
cancel-red-rounded.png,4,2075,620,69265,271242
confirm-green-rounded.png,4,2057,640,69065,258864
close-lime-circle.png,5,1194,1191,328643,430464
resolution-dropdown.png,5,2176,544,58718,272773
master-volume-slider.png,5,2169,312,230097,230568
music-volume-slider.png,5,2101,315,298529,133123
fullscreen-checkmark.png,5,937,916,67952,151316
knowledge-tab-gray.png,6,1895,750,68696,243902
knowledge-tab-active-green.png,6,1825,711,64258,247993
knowledge-green-square.png,6,1084,1128,47245,102137
close-white-circle.png,6,1047,1054,261133,196912
play-green-circle.png,6,1017,1013,234298,170313
close-red-circle.png,7,962,946,209363,95035
play-large-glass-circle.png,7,1108,1097,276383,153909
level-thumbnail-card.png,7,1171,1262,31113,134654
angular-lime-bright-top-wide.png,8,1812,649,69610,129458
angular-lime-bright-top-narrow.png,8,1631,708,73029,130850
angular-lime-bright-menu.png,8,2128,465,62529,148118
account-action-lime-glow.png,8,1752,762,90664,266846
close-lime-small-circle.png,8,870,882,178808,97624
